{
  "project_info": {
    "project_number": "1079907308804",
    "firebase_url": "https://bloodbank-b3a91.firebaseio.com",
    "project_id": "bloodbank-b3a91",
    "storage_bucket": "bloodbank-b3a91.appspot.com"
  },
  "client": [
    {
      "client_info": {
        "mobilesdk_app_id": "1:1079907308804:android:7cfec128d5e2c899",
        "android_client_info": {
          "package_name": "com.example.AR.BloodBank"
        }
      },
      "oauth_client": [
        {
          "client_id": "1079907308804-cvi9j69qorqmgkncrvfo9lb7u1j1vth5.apps.googleusercontent.com",
          "client_type": 1,
          "android_info": {
            "package_name": "com.example.AR.BloodBank",
            "certificate_hash": "1445d1a3f5f0102a01a74f04b8cc5e42a2687ae8"
          }
        },
        {
          "client_id": "1079907308804-9gqaicokeuv1dmkqp4chg17u8th6oej2.apps.googleusercontent.com",
          "client_type": 3
        }
      ],
      "api_key": [
        {
          "current_key": "AIzaSyA-XibwMPZSeMKdQ4A0YrIklTKFFxv6DQQ"
        }
      ],
      "services": {
        "appinvite_service": {
          "other_platform_oauth_client": [
            {
              "client_id": "1079907308804-9gqaicokeuv1dmkqp4chg17u8th6oej2.apps.googleusercontent.com",
              "client_type": 3
            }
          ]
        }
      }
    }
  ],
  "configuration_version": "1"
}